<?xml version="1.0" encoding="UTF-8"?>
<messaging-deployment xmlns="urn:jboss:messaging-deployment:1.0">
	<hornetq-server>
		<jms-destinations>
			<jms-queue name="SDI3AdminQueue">
				<entry name="queue/SDI3AdminQueue"/>
				<entry name="java:jboss/exported/jms/queue/SDI3AdminQueue"/>
				<durable>true</durable>
			</jms-queue>
			<jms-queue name="SDI3AuditQueue">
				<entry name="queue/SDI3AuditQueue"/>
				<entry name="java:jboss/exported/jms/queue/SDI3AuditQueue"/>
				<durable>true</durable>
			</jms-queue>
			<jms-queue name="SDI3Queue">
				<entry name="queue/SDI3Queue"/>
				<entry name="java:jboss/exported/jms/queue/SDI3Queue"/>
				<durable>true</durable>
			</jms-queue>
		</jms-destinations>
	</hornetq-server>
</messaging-deployment>